rank_name,position,seat
ĐẠI BIỂU LÃNH ĐẠO BỘ QUỐC PHÒNG,,A1
THƯỢNG TƯỚNG PHẠM HOÀI NAM,THỨ TRƯỞNG BỘ QUỐC PHÒNG,A3
ĐẠI BIỂU THỦ TRƯỞNG BỘ TỔNG THAM MƯU,,A5
ĐẠI BIỂU THỦ TRƯỞNG TỔNG CỤC CHÍNH TRỊ,,A7
THƯỢNG TƯỚNG TRƯƠNG THIÊN TÔ,"PHÓ CN TỔNG CỤC CHÍNH TRỊ, NGUYÊN PHÓ CHÍNH UỶ QUÂN KHU",A9
TRUNG TƯỚNG LÊ NGỌC HẢI,TƯ LỆNH QUÂN KHU,A11
ĐẠI TÁ LƯƠNG ĐÌNH CHUNG,CHÍNH UỶ QUÂN KHU,A13
THIẾU TƯỚNG HỨA VĂN TƯỞNG,PHÓ TƯ LỆNH QUÂN KHU,A15
ĐẠI BIỂU LÃNH ĐẠO THÀNH ỦY ĐÀ NẴNG,,A17
ĐỒNG CHÍ THÁI ĐẠI NGỌC,"ỦY VIÊN BCHTW ĐẢNG, BÍ THƯ TỈNH ỦY GIA LAI",A19
ĐẠI BIỂU LÃNH ĐẠO TỈNH ỦY ĐĂK LĂK,,A21
ĐẠI BIỂU LÃNH ĐẠO TỈNH ỦY KHÁNH HÒA,,A23
ĐỒNG CHÍ LƯƠNG CƯỜNG ,CHỦ TỊCH NƯỚC CHXHCN VIỆT NAM,A2
ĐỒNG CHÍ NGUYỄN HOÀ BÌNH,PHÓ THỦ TƯỚNG THƯỜNG TRỰC CHÍNH PHỦ,A4
THƯỢNG TƯỚNG TRẦN QUANG PHƯƠNG,"PHÓ CHỦ TỊCH QUỐC HỘI, NGUYÊN CHÍNH UỶ QUÂN KHU",A6
THƯỢNG TƯỚNG HUỲNH NGỌC SƠN,"NGUYÊN PHÓ CHỦ TỊCH QUỐC HỘI, NGUYÊN TƯ LỆNH QUÂN KHU",A8
ĐẠI BIỂU MẸ VIỆT NAM ANH HÙNG,TRÊN ĐỊA BÀN QUÂN KHU,A10
ĐẠI BIỂU ANH HÙNG LỰC LƯỢNG VŨ TRANG NHÂN DÂN,TRÊN ĐỊA BÀN QUÂN KHU,A12
THƯỢNG TƯỚNG NGUYỄN VĂN ĐƯỢC,"NGUYÊN THỨ TRƯỞNG BQP, NGUYÊN TƯ LỆNH QUÂN KHU",A14
THƯỢNG TƯỚNG LÊ CHIÊM,"NGUYÊN THỨ TRƯỞNG BQP, NGUYÊN TƯ LỆNH QUÂN KHU",A16
ĐẠI BIỂU TỔNG LÃNH SỰ QUÁN LIÊN BANG NGA,,A18
ĐẠI BIỂU TỔNG LÃNH SỰ QUÁN TRUNG QUỐC,,A20
ĐẠI BIỂU TỔNG LÃNH SỰ QUÁN NHẬT,,A22
ĐẠI BIỂU TỔNG LÃNH SỰ QUÁN LÀO,,A24
THƯ KÝ THỦ TRƯỞNG BQP,,B1
ĐẠI BIỂU THỦ TRƯỞNG TỔNG CỤC II,,B3
ĐẠI BIỂU THỦ TRƯỞNG TỔNG CỤC CNQP,,B5
ĐẠI BIỂU THỦ TRƯỞNG TỔNG CỤC HC-KT,,B7
TRUNG TƯỚNG NGUYỄN LONG CÁNG,NGUYÊN TƯ LỆNH QUÂN KHU,B9
TRUNG TƯỚNG NGUYỄN THÀNH ĐỨC,NGUYÊN CHÍNH ỦY QUÂN KHU,B11
ĐẠI TÁ PHAN ĐẠI NGHĨA,PHÓ TƯ LỆNH KIÊM TMT,B13
THIẾU TƯỚNG TRẦN THANH HẢI,PHÓ TƯ LỆNH QUÂN KHU,B15
ĐẠI BIỂU LÃNH ĐẠO THÀNH ỦY HUẾ,,B17
ĐẠI BIỂU LÃNH ĐẠO TỈNH ỦY LÂM ĐỒNG,,B19
ĐẠI BIỂU LÃNH ĐẠO TỈNH ỦY QUẢNG TRỊ,,B21
ĐẠI BIỂU LÃNH ĐẠO TỈNH ỦY QUẢNG NGÃI,,B23
THƯ KÝ CHỦ TỊCH NƯỚC,,B2
ĐẠI BIỂU VĂN PHÒNG QUÂN ỦY TRUNG ƯƠNG BQP,,B4
ĐẠI BIỂU ỦY BAN KIỂM TRA QUÂN ỦY TRUNG ƯƠNG,,B6
ĐẠI BIỂU TRUNG ƯƠNG HỘI CCB VIỆT NAM,,B8
BÀ TIẾP,PHU NHÂN TRUNG TƯỚNG ĐÀO DUY MINH,B12
TRUNG TƯỚNG NGUYỄN TRUNG THU,"NGUYÊN PHÓ TTMT QĐNDVN, NGUYÊN TƯ LỆNH QUÂN KHU",B14
THƯỢNG TƯỚNG VÕ TIẾN TRUNG,"NGUYÊN GIÁM ĐỐC HVQP, NGUYÊN PHÓ TƯ LỆNH QUÂN KHU",B16
ĐẠI BIỂU QUÂN KHU 1,QUÂN ĐỘI HOÀNG GIA CAMPUCHIA,B18
ĐẠI BIỂU QUÂN KHU 4,QUÂN ĐỘI HOÀNG GIA CAMPUCHIA,B20
ĐẠI BIỂU BỘ CHQS TỈNH SA LA VAN,QUÂN ĐỘI NHÂN DÂN LÀO,B22
ĐẠI BIỂU SƯ ĐOÀN 5,QUÂN ĐỘI NHÂN DÂN LÀO,B24
TRUNG TƯỚNG LÊ VĂN HOÀNG,"NGUYÊN CHÍNH ỦY TCHC, NGUYÊN PHÓ CHÍNH ỦY QUÂN KHU",C1
TRUNG TƯỚNG LÊ ANH THƠ,"NGUYÊN CHÍNH ỦY HVLQ, NGUYÊN PHÓ CHÍNH ỦY QUÂN KHU",C3
TRUNG TƯỚNG NGÔ QUÝ ĐỨC,"NGUYÊN CT CỤC CH-CN, NGUYÊN PHÓ TƯ LỆNH KIÊM TMT QUÂN KHU",C5
THIẾU TƯỚNG TRẦN CÔNG THỨC,NGUYÊN PHÓ TƯ LỆNH QUÂN KHU,C7
TRUNG TƯỚNG NGUYỄN VĂN TUYÊN,"NGUYÊN PHÓ GIÁM ĐỐC HVQP, NGUYÊN PHÓ TƯ LỆNH-TMT QUÂN KHU",C9
TRUNG TƯỚNG TRỊNH ĐÌNH THẠCH,NGUYÊN CHÍNH ỦY QUÂN KHU,C11
ĐẠI TÁ TRẦN MINH TRỌNG,PHÓ CHÍNH ỦY QUÂN KHU,C13
THIẾU TƯỚNG NGUYỄN QUỐC HƯƠNG,PHÓ TƯ LỆNH QUÂN KHU,C15
THIẾU TƯỚNG CAO PHI HÙNG,NGUYÊN PHÓ TƯ LỆNH QUÂN KHU,C17
THIẾU TƯỚNG TRẦN NGỌC YẾN,NGUYÊN PHÓ TƯ LỆNH QUÂN KHU,C19
THIẾU TƯỚNG NGUYỄN TRỌNG HUY,NGUYÊN PHÓ TƯ LỆNH QUÂN KHU,C21
THIẾU TƯỚNG ĐOÀN KIỂU,NGUYÊN PHÓ TƯ LỆNH QUÂN KHU,C23
ĐẠI BIỂU BỘ TƯ LỆNH QUÂN KHU THỦ ĐÔ,,C12
ĐẠI BIỂU ANH HÙNG LỰC LƯỢNG VŨ TRANG NHÂN DÂN,TRÊN ĐỊA BÀN QUÂN KHU,C14
TRUNG TƯỚNG TRẦN PHƯỚC TỚI,"NGUYÊN PHÓ VT VIỆN KSND TỐI CAO, NGUYÊN VT VKS QSQK",C16
ĐẠI BIỂU TIỂU KHU QUÂN SỰ RATTANAKIRI,QUÂN ĐỘI HOÀNG GIA CAMPUCHIA,C18
ĐẠI BIỂU TIỂU KHU QUÂN SỰ MULĐÔKIRI,QUÂN ĐỘI HOÀNG GIA CAMPUCHIA,C20
ĐẠI BIỂU BỘ CHQS TỈNH AT TA PƯ,QUÂN ĐỘI NHÂN DÂN LÀO,C22
ĐẠI BIỂU BỘ CHQS TỈNH SÊ KÔNG,QUÂN ĐỘI NHÂN DÂN LÀO,C24
THIẾU TƯỚNG RƠ Ô CHEO,NGUYÊN PHÓ TƯ LỆNH QUÂN KHU,D1
THIẾU TƯỚNG NGUYỄN QUY NHƠN,NGUYÊN PHÓ TƯ LỆNH QUÂN KHU,D3
THIẾU TƯỚNG ĐINH DƯƠNG,NGUYÊN PHÓ TƯ LỆNH QUÂN KHU,D5
TRUNG TƯỚNG TIÊU VĂN MẪN,NGUYÊN PHÓ TƯ LỆNH VỀ CHÍNH TRỊ,D7
TRUNG TƯỚNG NGUYỄN THÀNH ÚT,NGUYÊN PHÓ TƯ LỆNH VỀ CHÍNH TRỊ,D9
THIẾU TƯỚNG NGUYỄN ĐÌNH TIẾN,NGUYÊN PHÓ TƯ LỆNH QUÂN KHU,D11
TRUNG TƯỚNG TẠ NHÂN,"NGUYÊN PHÓ CN UBKT QUTW, NGUYÊN CNCT QUÂN KHU",D13
TRUNG TƯỚNG LÊ NGỌC NAM,"NGUYÊN PHÓ CN UBKT QUTW, NGUYÊN CNCT QUÂN KHU",D15
THIẾU TƯỚNG VÕ DUY CHÍN,NGUYÊN PHÓ CHỦ NHIỆM CHÍNH TRỊ QUÂN KHU,D17
THIẾU TƯỚNG NGUYỄN ĐỨC LIÊN,NGUYÊN PHÓ CHỦ NHIỆM CHÍNH TRỊ QUÂN KHU,D19
THIẾU TƯỚNG TỐNG PHÚ,"PHÓ GIÁM ĐỐC HVLQ, NGUYÊN PHÓ TMT QUÂN KHU",D21
TRUNG TƯỚNG NGUYỄN NGỌC CẢ,NGUYÊN HIỆU TRƯỞNG TRƯỜNG SỸ QUAN LỤC QUÂN 2,D23
ĐẠI BIỂU BỘ TƯ LỆNH QUÂN KHU 1,,D2
ĐẠI BIỂU BỘ TƯ LỆNH QUÂN KHU 2,,D4
ĐẠI BIỂU BỘ TƯ LỆNH QUÂN KHU 3,,D6
ĐẠI BIỂU BỘ TƯ LỆNH QUÂN KHU 4,,D8
ĐẠI BIỂU BỘ TƯ LỆNH QUÂN KHU 7,,D10
ĐẠI BIỂU BỘ TƯ LỆNH QUÂN KHU 9,,D12
ĐẠI BIỂU QUÂN ĐOÀN 12,,D14
ĐẠI BIỂU QUÂN ĐOÀN 34,,D16
ĐẠI BIỂU TIỂU KHU QUÂN SỰ STUNG TRENG,QUÂN ĐỘI HOÀNG GIA CAMPUCHIA,D18
ĐẠI BIỂU LỮ ĐOÀN CƠ ĐỘNG 128,QUÂN ĐỘI HOÀNG GIA CAMPUCHIA,D20
ĐẠI BIỂU BỘ CHQS TỈNH CHĂM PA SĂK,QUÂN ĐỘI NHÂN DÂN LÀO,D22
ĐẠI BIỂU TRƯỜNG HSQ SỐ 2 VIÊNG SAY,QUÂN ĐỘI NHÂN DÂN LÀO,D24
ĐẠI BIỂU ỦY BAN NHÂN DÂN TỈNH QUẢNG TRỊ,,E1
ĐẠI BIỂU ỦY BAN NHÂN DÂN THÀNH PHỐ HUẾ,,E3
ĐẠI BIỂU ỦY BAN NHÂN DÂN TỈNH LÂM ĐỒNG,,E5
ĐẠI BIỂU ỦY BAN NHÂN DÂN TỈNH KHÁNH HÒA,,E7
ĐẠI BIỂU ỦY BAN NHÂN DÂN TỈNH ĐĂK LĂK,,E9
ĐẠI BIỂU ỦY BAN NHÂN DÂN TỈNH GIA LAI,,E11
ĐẠI BIỂU ỦY BAN NHÂN DÂN TỈNH QUẢNG NGÃI,,E13
ĐẠI BIỂU ỦY BAN NHÂN DÂN THÀNH PHỐ ĐÀ NẴNG,,E15
TRUNG TƯỚNG NGUYỄN THANH TUẤN,"NGUYÊN CỤC TRƯỞNG CỤC TH, NGUYÊN CNCT QUÂN KHU",E17
THIẾU TƯỚNG VÕ VĂN HƯNG,CHỦ NHIỆM CHÍNH TRỊ QUÂN KHU,E19
THIẾU TƯỚNG HÀ HUY LONG,NGUYÊN PHÓ CHỦ NHIỆM CHÍNH TRỊ QUÂN KHU,E21
THIẾU TƯỚNG ĐỖ QUANG DỰ,NGUYÊN CỤC TRƯỞNG CỤC HẬU CẦN QUÂN KHU,E23
ĐẠI TÁ LÊ KIM GIÀU,PHÓ TMT QUÂN KHU,E25
ĐẠI TÁ NGUYỄN VĂN HÒA,PHÓ TMT QUÂN KHU,E27
ĐẠI TÁ VÕ VĂN BÁ,PHÓ TMT QUÂN KHU,E29
THIẾU TƯỚNG LƯU XUÂN PHƯƠNG,PHÓ TMT QUÂN KHU,E31
ĐẠI BIỂU BTL BẢO VỆ LĂNG CHỦ TỊCH HỒ CHÍ MINH,,E2
ĐẠI BIỂU CỤC TÁC CHIẾN,,E4
ĐẠI BIỂU CỤC QUÂN HUẤN NHÀ TRƯỜNG,,E6
ĐẠI BIỂU CỤC QUÂN LỰC,,E8
ĐẠI BIỂU CỤC ĐỐI NGOẠI,,E10
ĐẠI BIỂU CỤC TÀI CHÍNH BỘ QUỐC PHÒNG,,E12
ĐẠI BIỂU CỤC PHÁP CHẾ,,E14
ĐẠI BIỂU CỤC GÌN GIỮ HÒA BÌNH VIỆT NAM,,E16
ĐẠI TÁ PHẠM ĐỚI,NGUYÊN PHÓ TMT QUÂN KHU,E18
TRUNG TƯỚNG TRƯƠNG ĐỨC NGHĨA,NGUYÊN PHÓ TMT QUÂN KHU,E20
THIẾU TƯỚNG ĐẶNG LÊ NHỊ,NGUYÊN PHÓ TMT QUÂN KHU,E22
THIẾU TƯỚNG NGUYỄN NGỌC ÂN,NGUYÊN PHÓ TMT QUÂN KHU,E24
THIẾU TƯỚNG NGUYỄN NGỌC MINH,NGUYÊN PHÓ TMT QUÂN KHU,E26
ĐẠI TÁ ĐỖ TRỌNG BÌNH,NGUYÊN PHÓ TMT QUÂN KHU,E28
ĐẠI TÁ TRẦN VĂN HẠNH,NGUYÊN PHÓ TMT QUÂN KHU,E30
ĐẠI TÁ KHÚC NGỌC PHƯƠNG,NGUYÊN PHÓ TMT QUÂN KHU,E32
ĐẠI BIỂU HỌC VIỆN CHÍNH TRỊ KHU VỰC 3,,F1
ĐẠI BIỂU VỤ ĐỊA PHƯƠNG II BAN TỔ CHỨC TW,,F3
ĐẠI BIỂU VỤ ĐỊA PHƯƠNG II BAN NỘI CHÍNH TW,,F5
ĐẠI BIỂU VỤ ĐỊA PHƯƠNG II BAN TUYÊN GIÁO & DÂN VÂN TW,,F7
ĐẠI BIỂU VỤ ĐỊA BÀN V UBKT TRUNG ƯƠNG,,F9
ĐẠI BIỂU VỤ ĐỊA PHƯƠNG II VĂN PHÒNG TW ĐẢNG,,F11
ĐẠI BIỂU CỤC BẢO VỆ AN NINH QUÂN ĐỘI,,F13
ĐẠI BIỂU VĂN PHÒNG TỔNG CỤC CHÍNH TRỊ,,F15
THIẾU TƯỚNG ĐOÀN VĂN NHẤT,PHÓ CHỦ NHIỆM CHÍNH TRỊ QUÂN KHU,F17
ĐẠI TÁ NGUYỄN THANH NAM,PHÓ CHỦ NHIỆM CHÍNH TRỊ QUÂN KHU,F19
ĐẠI TÁ ĐỖ THANH XUÂN,PHÓ CHỦ NHIỆM CHÍNH TRỊ QUÂN KHU,F21
ĐẠI TÁ NGUYỄN THANH XUÂN,PHÓ CHỦ NHIỆM CHÍNH TRỊ QUÂN KHU,F23
ĐẠI TÁ TRƯƠNG QUANG SINH,PHÓ CHỦ NHIỆM UBKT ĐẢNG ỦY QUÂN KHU,F25
ĐẠI TÁ HỒ ANH TUẤN,PHÓ CHỦ NHIỆM CHÍNH TRỊ QUÂN KHU,F27
ĐẠI TÁ NGUYỄN TẤN Ý,PHÓ TMT QUÂN KHU,F29
ĐẠI TÁ LÊ TRUNG THÀNH,PHÓ TMT QUÂN KHU,F31
ĐẠI BIỂU VIỆN CHIẾN LƯỢC VÀ LỊCH SỬ QPVN,,F2
ĐẠI BIỂU QUÂN CHỦNG PHÒNG KHÔNG KHÔNG QUÂN,,F4
ĐẠI BIỂU QUÂN CHỦNG HẢI QUÂN,,F6
ĐẠI BIỂU CỤC KHQS BỘ QUỐC PHÒNG,,F8
ĐẠI BIỂU CỤC CƠ YẾU,,F10
ĐẠI BIỂU CỤC DÂN QUÂN TỰ VỆ,,F12
ĐẠI BIỂU CỤC CỨU HỘ CỨU NẠN,,F14
ĐẠI BIỂU TÒA ÁN QUÂN SỰ TRUNG ƯƠNG,,F16
THIẾU TƯỚNG NGUYỄN VIẾT HOÀNG,NGUYÊN PHÓ TMT QUÂN KHU,F18
THIẾU TƯỚNG PHẠM NGỌC TÍNH,NGUYÊN PHÓ TMT QUÂN KHU,F20
THIẾU TƯỚNG TRƯƠNG HỒNG QUANG,NGUYÊN PHÓ TMT QUÂN KHU,F22
ĐẠI TÁ TRƯƠNG QUANG NHẠN,NGUYÊN PHÓ TMT QUÂN KHU,F24
ĐẠI TÁ LÊ XUÂN THỊNH,NGUYÊN PHÓ TMT QUÂN KHU,F26
ĐẠI TÁ ĐOÀN VĂN TÂM,NGUYÊN PHÓ TMT QUÂN KHU,F28
ĐẠI TÁ TRẦN VĂN LÝ,NGUYÊN PHÓ TMT QUÂN KHU,F30
ĐẠI TÁ NGUYỄN VĂN CHƯỚC,NGUYÊN PHÓ CHỦ NHIỆM CHÍNH TRỊ QUÂN KHU,F32
ĐẠI BIỂU CỤC QUÂN NHU,,G1
ĐẠI BIỂU CỤC DOANH TRẠI,,G3
ĐẠI BIỂU CỤC QUÂN Y,,G5
ĐẠI BIỂU CỤC CHÍNH SÁCH XÃ HỘI,,G7
ĐẠI BIỂU CỤC DÂN VẬN,,G9
ĐẠI BIỂU CỤC TỔ CHỨC,,G11
ĐẠI BIỂU CỤC CÁN BỘ,,G13
ĐẠI BIỂU CỤC TUYÊN HUẤN,,G15
ĐẠI TÁ LƯƠNG KẾ ĐIỀM,CHỦ NHIỆM HC-KT QUÂN KHU,G17
ĐẠI TÁ DƯƠNG HOÀNG TOÁN,PHÓ CHỦ NHIỆM CHÍNH TRỊ QUÂN KHU,G19
ĐẠI BIỂU BỘ TƯ LỆNH CẢNH SÁT BIỂN VÙNG 2,CẢNH SÁT BIỂN VIỆT NAM,G21
ĐẠI BIỂU SƯ ĐOÀN KQ372,QUÂN CHỦNG PK-KQ,G23
ĐẠI TÁ TRẦN ANH TUẤN,PHÓ CHỦ NHIỆM HC-KT QUÂN KHU,G25
ĐẠI TÁ VÕ TẤN KHANH,PHÓ CHỦ NHIỆM HC-KT QUÂN KHU,G27
ĐẠI TÁ TRẦN VĂN THIÊN,PHÓ CHỦ NHIỆM HC-KT QUÂN KHU,G29
ĐẠI TÁ CAO VĂN MƯỜI,PHÓ TMT QUÂN KHU,G31
ĐẠI BIỂU BINH CHỦNG PHÁO BINH - TÊN LỬA,,G2
ĐẠI BIỂU BỘ TƯ LỆNH BỘ ĐỘI BIÊN PHÒNG,,G4
ĐẠI BIỂU BỘ TƯ LỆNH CẢNH SÁT BIỂN,,G6
ĐẠI BIỂU BỘ TƯ LỆNH TÁC CHIẾN KHÔNG GIAN MẠNG,,G8
ĐẠI BIỂU THANH TRA BỘ QUỐC PHÒNG,,G10
ĐẠI BIỂU CỤC ĐT - HS BỘ QUỐC PHÒNG,,G12
ĐẠI BIỂU CỤC THI HÀNH ÁN BỘ QUỐC PHÒNG,,G14
ĐẠI BIỂU VIỆN KIỂM SÁT QUÂN SỰ TRUNG ƯƠNG,,G16
ĐẠI TÁ PHAN VĂN HẠNG,NGUYÊN PHÓ CHỦ NHIỆM CHÍNH TRỊ QUÂN KHU,G18
ĐẠI TÁ TRẦN MINH CHÍN,NGUYÊN PHÓ CHỦ NHIỆM CHÍNH TRỊ QUÂN KHU,G20
ĐẠI TÁ TRỊNH VĂN TÂM,NGUYÊN PHÓ CHỦ NHIỆM CHÍNH TRỊ QUÂN KHU,G22
ĐẠI TÁ TRẦN PHƯỚC NHA,NGUYÊN PHÓ CHỦ NHIỆM CHÍNH TRỊ QUÂN KHU,G24
ĐẠI TÁ ĐOÀN HỒNG CHƯƠNG,NGUYÊN PHÓ CHỦ NHIỆM CHÍNH TRỊ QUÂN KHU,G26
ĐẠI TÁ DƯƠNG HỮU QUYÊN,NGUYÊN PHÓ CHỦ NHIỆM UBKT ĐẢNG ỦY QUÂN KHU,G28
ĐẠI TÁ TRƯƠNG VĂN GÒN,NGUYÊN PHÓ CHỦ NHIỆM UBKT ĐẢNG ỦY QUÂN KHU,G30
ĐẠI TÁ DƯƠNG XUÂN DẦN,NGUYÊN PHÓ CHỦ NHIỆM UBKT ĐẢNG ỦY QUÂN KHU,G32
ĐẠI BIỂU CỤC KỸ THUẬT BINH CHỦNG,,H1
ĐẠI BIỂU CỤC XE MÁY VẬN TẢI,,H3
ĐẠI BIỂU CỤC XĂNG DẦU,,H5
ĐẠI BIỂU CỤC QUÂN KHÍ,,H7
ĐẠI BIỂU BAN CƠ YẾU CHÍNH PHỦ,,H9
ĐẠI BIỂU TRUNG TÂM NHIỆT ĐỚI VIỆT NGA,,H11
ĐẠI BIỂU BỆNH VIỆN QUÂN Y 175,,H13
ĐẠI BIỂU BỆNH VIỆN TRUNG ƯƠNG QUÂN ĐỘI 108,,H15
ĐẠI BIỂU BỘ TƯ LỆNH VÙNG 3 HẢI QUÂN,QUÂN CHỦNG HẢI QUÂN,H17
ĐẠI BIỂU BỘ TƯ LỆNH VÙNG 4 HẢI QUÂN,QUÂN CHỦNG HẢI QUÂN,H19
ĐẠI BIỂU SƯ ĐOÀN PK375,QUÂN CHỦNG PK-KQ,H21
ĐẠI BIỂU CỤC 11,TỔNG CỤC II,H23
ĐẠI BIỂU TRUNG TÂM 386,BỘ TƯ LỆNH 86,H25
ĐẠI TÁ TRẦN KIM QUYỀN,CHÍNH ỦY CỤC HC-KT,H27
ĐẠI TÁ LÊ THÀNH TÔN,PHÓ CHỦ NHIỆM HC-KT QUÂN KHU,H29
ĐẠI TÁ ĐỖ XUÂN HÙNG,PHÓ TMT QUÂN KHU,H31
ĐẠI BIỂU BINH CHỦNG TĂNG THIẾT GIÁP,,H2
ĐẠI BIỂU BÌNH CHỦNG ĐẶC CÔNG,,H4
ĐẠI BIỂU CỤC TIÊU CHUẨN ĐO LƯỜNG CHẤT LƯỢNG,,H6
ĐẠI BIỂU LÃNH ĐẠO CÔNG AN TỈNH KHÁNH HÒA,,H8
ĐẠI BIỂU LÃNH ĐẠO CÔNG AN TỈNH ĐĂK LĂK,,H10
ĐẠI BIỂU LÃNH ĐẠO CÔNG AN TỈNH GIA LAI,,H12
ĐẠI BIỂU LÃNH ĐẠO CÔNG AN TỈNH QUẢNG NGÃI,,H14
ĐẠI BIỂU LÃNH ĐẠO CÔNG AN THÀNH PHỐ ĐÀ NẴNG,,H16
ĐẠI TÁ NGUYỄN HỮU CHỈNH,NGUYÊN PHÓ CHỦ NHIỆM CHÍNH TRỊ QUÂN KHU,H18
ĐẠI TÁ LÊ VĂN HẢI,NGUYÊN PHÓ CHỦ NHIỆM UBKT ĐẢNG ỦY QUÂN KHU,H20
ĐẠI TÁ HUỲNH CAO THIỆN,NGUYÊN PHÓ CHỦ NHIỆM UBKT ĐẢNG ỦY QUÂN KHU,H22
ĐẠI TÁ TẠ KÍNH,NGUYÊN PHÓ CHỦ NHIỆM CHÍNH TRỊ QUÂN KHU,H24
ĐẠI TÁ TÔN THẤT HẢI,NGUYÊN PHÓ CHỦ NHIỆM HẬU CẦN QUÂN KHU,H26
ĐẠI TÁ NGUYỄN TRUNG KHANH,NGUYÊN PHÓ CHỦ NHIỆM HẬU CẦN QUÂN KHU,H28
ĐẠI TÁ DƯƠNG CÔNG TRI,NGUYÊN PHÓ CHỦ NHIỆM HẬU CẦN QUÂN KHU,H30
ĐẠI TÁ PHẠM ĐỨC DŨNG,NGUYÊN PHÓ CHỦ NHIỆM HẬU CẦN QUÂN KHU,H32
ĐẠI BIỂU LÃNH ĐẠO ĐÀI TIẾNG NÓI VIỆT NAM VOV KV MIIỀN TRUNG,,I1
ĐẠI BIỂU LÃNH ĐẠO ĐÀI TRUYỀN HÌNH VIỆT NAM VTV8,,I3
ĐẠI BIỂU LÃNH ĐẠO BÁO QUÂN ĐỘI NHÂN DÂN,,I5
ĐẠI BIỂU LÃNH ĐẠO CỔNG THÔNG TIN ĐIỆN TỬ CHÍNH PHỦ,,I7
ĐẠI BIỂU LÃNH ĐẠO VIỆN Y HỌC CỔ TRUYỀN QUÂN ĐỘI,,I9
ĐẠI BIỂU LÃNH ĐẠO BÁO NHÂN DÂN,,I11
ĐẠI BIỂU LÃNH ĐẠO KÊNH TRUYỀN HÌNH QUỐC PHÒNG VIỆT NAM,,I13
ĐẠI BIỂU LÃNH ĐẠO THÔNG TẤN XÃ VIỆT NAM,,I15
ĐẠI BIỂU TỔNG CÔNG TY ĐẦU TƯ PHÁT TRIỂN NHÀ VÀ ĐÔ  THỊ,,I17
ĐẠI BIỂU CÔNG TY ỨNG DỤNG KỸ THUẬT VÀ SẢN XUẤT,,I19
ĐẠI BIỂU TỔNG CÔNG TY XUẤT NHẬP KHẨU TỔNG HỢP VẠN XUÂN,,I21
ĐẠI BIỂU TỔNG CÔNG TY THÁI SƠN,,I23
ĐẠI BIỂU TỔNG CÔNG TY 36 CÔNG TY CỔ PHẦN,,I25
ĐẠI BIỂU TỔNG CÔNG TY XÂY DỰNG LŨNG LÔ,,I27
ĐẠI BIỂU TẬP ĐOÀN CÔNG NGHIỆP VIỄN THÔNG QUÂN ĐỘI,,I29
ĐẠI BIỂU NGÂN HÀNG THƯƠNG MẠI CỔ PHẦN QUÂN ĐỘI,,I31
ĐẠI BIỂU BINH CHỦNG CÔNG BINH,,I2
ĐẠI BIỂU BINH CHỦNG HÓA HỌC,,I4
ĐẠI BIỂU BINH CHỦNG THÔNG TIN LIÊN LẠC,,I6
ĐẠI BIỂU HỌC VIỆN KHOA HỌC QUÂN SỰ,,I8
ĐẠI BIỂU HỌC VIỆN QUỐC PHÒNG,,I10
ĐẠI BIỂU HỌC VIỆN LỤC QUÂN,,I12
ĐẠI BIỂU HỌC VIỆN CHÍNH TRỊ,,I14
ĐẠI BIỂU TRƯỜNG SỸ QUAN CHÍNH TRỊ,,I16
ĐẠI TÁ VÕ HOÀI NAM,NGUYÊN CHỦ NHIỆM HẬU CẦN QUÂN KHU,I18
ĐẠI TÁ NGUYỄN LÊN,NGUYÊN CHỦ NHIỆM HẬU CẦN QUÂN KHU,I20
ĐẠI TÁ NGÔ TẤN NHẤT,NGUYÊN CHÍNH ỦY CỤC HẬU CẦN QUÂN KHU,I22
ĐẠI TÁ NGÔ TIẾN SỸ,NGUYÊN CHỦ NHIỆM HẬU CẦN QUÂN KHU,I24
ĐẠI TÁ LÊ QUANG TRÌNH,NGUYÊN CHÍNH ỦY CỤC HẬU CẦN QUÂN KHU,I26
ĐẠI TÁ TRẦN CÔNG MẠNH,NGUYÊN PHÓ CHỦ NHIỆM HẬU CẦN QUÂN KHU,I28
ĐẠI TÁ TRẦN THIỆN PHƯỚC,NGUYÊN PHÓ CHỦ NHIỆM HẬU CẦN QUÂN KHU,I30
ĐẠI TÁ LÊ PHÚC THẮNG,NGUYÊN CHỦ NHIỆM KỸ THUẬT QUÂN KHU,I32
ĐẠI BIỂU LÃNH ĐẠO TRUNG TÂM PHÁT THANH TRUYỀN HÌNH QUÂN ĐỘI,,J1
ĐẠI BIỂU LÃNH ĐẠO BAN GIÁM ĐỐC BỆNH VIỆN PHỤ SẢN NHI ĐÀ NẴNG,,J3
ĐẠI BIỂU LÃNH ĐẠO BAN GIÁM ĐỐC BỆNH VIỆN C ĐÀ NẴNG,,J5
ĐẠI BIỂU LÃNH ĐẠO ĐẠI HỌC ĐÀ NẴNG,,J7
ĐẠI BIỂU LÃNH ĐẠO BÁO VÀ PHÁT THANH TRUYỀN HÌNH ĐÀ NẴNG,,J9
ĐẠI BIỂU LÃNH ĐẠO BAN GIÁM ĐỐC BỆNH VIỆN MẮT ĐÀ NẴNG,,J11
ĐẠI BIỂU LÃNH ĐẠO BAN GIÁM ĐỐC BỆNH VIỆN ĐA KHOA ĐÀ NẴNG,,J13
ĐẠI BIỂU LÃNH ĐẠO BAN GIÁM ĐỐC BỆNH VIỆN UNG BƯỚU ĐÀ NẴNG,,J15
ĐẠI BIỂU TỔNG CÔNG TY ĐÔNG BẮC (BĐ19),,J17
ĐẠI BIỂU BINH ĐOÀN 18,,J19
ĐẠI BIỂU BINH ĐOÀN 16,,J21
ĐẠI BIỂU BINH ĐOÀN 15,,J23
ĐẠI BIỂU BINH ĐOÀN 12,,J25
ĐẠI BIỂU BINH ĐOÀN 11,,J27
ĐẠI BIỂU CÔNG TY THÀNH AN 96,,J29
ĐẠI BIỂU TỔNG CÔNG TY 319,,J31
ĐẠI BIỂU BAN PHỤ NỮ QUÂN ĐỘI,,J2
ĐẠI BIỂU BAN CÔNG  ĐOÀN QUỐC PHÒNG,,J4
ĐẠI BIỂU TRƯỜNG SỸ QUAN THÔNG TIN,,J6
ĐẠI BIỂU HỌC VIỆN KỸ THUẬT QUÂN SỰ,,J8
ĐẠI BIỂU HỌC VIỆN HẬU CẦN,,J10
ĐẠI BIỂU HỌC VIỆN QUÂN Y,,J12
ĐẠI BIỂU TRƯỜNG SỸ QUAN LỤC QUÂN 2,,J14
ĐẠI BIỂU TRƯỜNG SỸ QUAN LỤC QUÂN 1,,J16
ĐẠI TÁ NGUYỄN NGỌC BÂNG,NGUYÊN CHỦ NHIỆM KỸ THUẬT QUÂN KHU,J18
ĐẠI TÁ NGUYỄN VĂN KHÁNH,NGUYÊN CHÍNH ỦY CỤC KỸ THUẬT QUÂN KHU,J20
ĐẠI TÁ NGUYỄN VĂN TIÊN,NGUYÊN CHỦ NHIỆM KỸ THUẬT QUÂN KHU,J22
ĐẠI TÁ TRẦN XUÂN SƠN,NGUYÊN CHÍNH ỦY CỤC KỸ THUẬT QUÂN KHU,J24
ĐẠI TÁ ĐẶNG VĂN MAU,NGUYÊN PHÓ CHỦ NHIỆM KỸ THUẬT QUÂN KHU,J26
ĐẠI TÁ NGUYỄN HOÀNH KHIẾU,NGUYÊN PHÓ CHỦ NHIỆM KỸ THUẬT QUÂN KHU,J28
ĐẠI TÁ NGUYỄN THÀNH THIỆN,NGUYÊN PHÓ CHỦ NHIỆM KỸ THUẬT QUÂN KHU,J30
ĐẠI TÁ NGUYỄN VĂN MINH,NGUYÊN PHÓ CHỦ NHIỆM KỸ THUẬT QUÂN KHU,J32
THƯ KÝ THỦ TRƯỞNG PHẠM HOÀI NAM,,K1
THƯ KÝ THỦ TRƯỞNG BỘ TỔNG THAM MƯU,,K3
THƯ KÝ THỦ TRƯỞNG TỔNG CỤC II,,K5
ĐẠI BIỂU LÃNH ĐẠO HỘI NHÀ BÁO ĐÀ NẴNG,,K7
ĐẠI BIỂU LÃNH ĐẠO BÁO CÔNG AN ĐÀ NẴNG,,K9
THƯ KÝ THỦ TRƯỞNG THÁI ĐẠI NGỌC,,K11
THƯ KÝ THỦ TRƯỞNG TỔNG CỤC CHÍNH TRỊ,,K13
THƯ KÝ THỦ TRƯỞNG TRƯƠNG THIÊN TÔ,,K15
ĐẠI TÁ NGUYỄN TRỌNG KHANG,CHÁNH VĂN PHÒNG BỘ TƯ LỆNH,K17
TRƯỞNG PHÒNG TUYÊN HUẤN,CỤC CHÍNH TRỊ,K19
TRƯỞNG PHÒNG BẢO VỆ AN NINH,CỤC CHÍNH TRỊ,K21
ĐẠI BIỂU BINH ĐOÀN 20,,K23
ĐẠI BIỂU BAN THANH NIÊN QUÂN ĐỘI,,K2
THƯ KÝ BỘ TƯ LỆNH QUÂN KHU 1,,K4
THƯ KÝ BỘ TƯ LỆNH QUÂN KHU 2,,K6
THƯ KÝ BỘ TƯ LỆNH QUÂN KHU 3,,K8
THƯ KÝ BỘ TƯ LỆNH QUÂN KHU 4,,K10
THƯ KÝ BỘ TƯ LỆNH QUÂN KHU 7,,K12
THƯ KÝ BỘ TƯ LỆNH QUÂN KHU 9,,K14
THƯ KÝ BỘ TƯ LỆNH BẢO VỆ LĂNG CHỦ TỊCH HỒ CHÍ MINH,,K16
ĐẠI TÁ TRẦN ĐÌNH ĐANG,NGUYÊN CHÍNH ỦY CỤC KỸ THUẬT QUÂN KHU,K18
ĐẠI BIỂU LÃNH ĐẠO ĐẢNG ỦY PHƯỜNG CẨM LỆ,,K20
ĐẠI BIỂU LÃNH ĐẠO ĐẢNG ỦY PHƯỜNG HẢI CHÂU,,K22
ĐẠI BIỂU LÃNH ĐẠO ĐẢNG ỦY PHƯỜNG AN KHÊ,,K24
ĐẠI BIỂU LÃNH ĐẠO ĐẢNG ỦY PHƯỜNG HÒA CƯỜNG,,K26
ĐẠI BIỂU PHIÊN DỊCH VIÊN,,K30
ĐẠI BIỂU PHIÊN DỊCH VIÊN,,K32
THƯ KÝ THỦ TRƯỞNG TỔNG CỤC CNQP,,L1
THƯ KÝ THỦ TRƯỞNG TỔNG CỤC HC-KT,,L3
THƯ KÝ PHÓ THỦ TƯỚNG,,L2
THƯ KÝ PHÓ CHỦ TỊCH QUỐC HỘI,,L4
THƯ KÝ QUÂN CHỦNG PHÒNG KHÔNG KHÔNG QUÂN,,L6
THƯ KÝ QUÂN CHỦNG HẢI QUÂN,,L8
THƯ KÝ BỘ TƯ LỆNH BỘ ĐỘI BIÊN PHÒNG,,L10
THƯ KÝ BỘ TƯ LỆNH CẢNH SÁT BIỂN,,L12
THƯ KÝ BỘ TƯ LỆNH QUÂN KHU THỦ ĐÔ,,L14
THƯ KÝ BỘ TƯ LỆNH TÁC CHIẾN KHÔNG GIAN MẠNG,,L16
THƯ KÝ QUÂN KHU 1,QUÂN ĐỘI HOÀNG GIA CAMPUCHIA,L26
THƯ KÝ QUÂN KHU 4,QUÂN ĐỘI HOÀNG GIA CAMPUCHIA,L28
ĐẠI BIỂU PHIÊN DỊCH VIÊN,,L30
ĐẠI BIỂU PHIÊN DỊCH VIÊN,,L32
THƯ KÝ QUÂN ĐOÀN 34,,M14
THƯ KÝ QUÂN ĐOÀN 12,,M16
